dataset,model,lower_bound,upper_bound,estimate,orthogonality_residual,runtime
amazon_polarity,bert-2-128,68.54330228800825,69.49916068197167,68.59379085654741,1.590331503313336e-14,6.144748457998503
amazon_polarity,bert-2-256,54.94050385007445,56.372328919917464,55.01893076344522,1.6060743591855085e-14,6.0047743750037625
amazon_polarity,bert-2-512,51.11517560593904,52.47785779249864,51.19114767507834,1.740634184164617e-14,5.991763208003249
amazon_polarity,bert-2-768,22.826214744217186,26.30409958177615,22.912647929540547,1.582584481485154e-14,6.065564374992391
amazon_polarity,bert-4-128,60.43836784666129,61.18067929946201,60.49125088647133,1.679257939837416e-14,5.920412999985274
amazon_polarity,bert-4-256,34.46279424876406,37.19380008784463,34.68922945426466,1.614011489383577e-14,5.836050207988592
amazon_polarity,bert-4-512,19.862703061948224,22.45152487359823,19.9277850229118,1.6060324674748892e-14,6.030995957989944
amazon_polarity,bert-4-768,21.846734209209,25.45813147474208,21.95927956171416,1.5653147508832033e-14,5.85892291701748
amazon_polarity,bert-6-128,44.933697108314945,45.75992595642477,44.96286625004506,1.6625462467058854e-14,5.817903791001299
amazon_polarity,bert-6-256,33.90261045991404,35.713926461920025,34.02458398397699,1.6408528009425733e-14,5.769965083018178
amazon_polarity,bert-6-512,13.725456077514059,16.313723017585527,13.766671759610006,1.6484265710052402e-14,5.879908292001346
amazon_polarity,bert-6-768,34.41599847084443,37.28297914326041,34.70108100726346,1.5475563331972874e-14,5.801667542022187
amazon_polarity,bert-8-128,56.15620461750542,57.25063044302064,56.206793316037064,1.5349416164668542e-14,5.838277417002246
amazon_polarity,bert-8-256,37.12336148638917,38.33140150859977,37.14270643073003,1.6785371426832704e-14,5.912760042003356
amazon_polarity,bert-8-512,32.281793659168486,32.85285576176916,32.2909297598847,1.6648954799398837e-14,5.841413791000377
amazon_polarity,bert-8-768,71.29900388640601,71.58676652232494,71.30551279442567,1.474029008585808e-14,5.864327832998242
amazon_polarity,bert-10-128,69.77278657127695,70.41598285284334,69.81516400824471,1.7046219775666686e-14,5.878158666979289
amazon_polarity,bert-10-256,25.458542911206813,27.581206796403357,25.535012355030595,1.6977577957041397e-14,5.899122457980411
amazon_polarity,bert-10-512,21.00170606336057,24.328038970538206,21.249200267054785,1.5570185800094356e-14,5.946930667007109
amazon_polarity,bert-10-768,26.083953016810355,27.511551039331128,26.114028621737724,1.551892644051797e-14,5.895172792021185
amazon_polarity,bert-12-128,59.15141251051545,59.83304588323055,59.19194157132274,1.6138611450671864e-14,5.889107875002082
amazon_polarity,bert-12-256,15.45937374140365,19.139388276813722,15.694604961031136,1.6736879388891024e-14,5.89400933298748
amazon_polarity,bert-12-512,34.3398100554566,36.3455803403115,34.466830994702676,1.619661396171152e-14,5.886542874999577
ag_news,bert-2-128,63.42754647550791,64.24251144999849,63.47842702431086,1.690238053261117e-14,5.865966541983653
ag_news,bert-2-256,50.22415696631262,51.35860723320803,50.30343724276171,1.637046402958002e-14,5.850508750008885
ag_news,bert-2-512,19.832389113617932,22.74583448277812,20.061139678084643,1.5255317091774008e-14,5.911859625019133
ag_news,bert-2-768,81.53352485250996,83.11979505260011,81.60473525857613,1.5354484652806452e-14,5.927179791993694
ag_news,bert-4-128,45.08369243260686,45.755907021371065,45.094370087133335,1.699236495852528e-14,5.88416408302146
ag_news,bert-4-256,31.331732453744895,33.24131783725541,31.43547499960017,1.610553472043876e-14,6.006089167000027
ag_news,bert-4-512,16.46124803706957,21.52736042826834,16.810303143153906,1.5772397450330174e-14,5.838807749998523
ag_news,bert-4-768,51.727973158634086,54.053026381518606,51.84226031611548,1.5729332698513455e-14,5.943886791996192
ag_news,bert-6-128,37.328824538477896,38.30338430290335,37.3718722461146,1.6706967436593117e-14,5.910347915982129
ag_news,bert-6-256,19.342487986168727,23.19626509344461,19.59722407386273,1.633824500735564e-14,5.9153032090107445
ag_news,bert-6-512,9.479918425384179,14.744400129160685,9.83820947518081,1.5943466450271928e-14,5.833068999985699
ag_news,bert-6-768,16.412175563712754,19.696720541778955,16.582197939807106,1.5981127701208037e-14,5.770896875008475
ag_news,bert-8-128,52.93713167738918,53.937337985824485,52.994096634266654,1.6911019234141026e-14,5.864389750000555
ag_news,bert-8-256,51.35935317409378,52.67858957530197,51.478123842406475,1.6650697418640614e-14,5.854288250004174
ag_news,bert-8-512,14.397240128769882,18.767727278329122,14.687967674361644,1.6272480621339935e-14,5.875653625000268
ag_news,bert-8-768,58.4406731508053,58.962733961443675,58.46687731373083,1.4847673441333355e-14,5.880881749995751
ag_news,bert-10-128,48.48052675504079,49.41660744221419,48.560357320636214,1.5908297386407074e-14,5.856375749979634
ag_news,bert-10-256,32.42849734242448,34.55769110466493,32.54252473176176,1.6496025571878215e-14,5.861156999977538
ag_news,bert-10-512,47.13740754898637,48.80684430226251,47.23070318840364,1.5702151167529317e-14,5.930919874983374
ag_news,bert-10-768,66.88070693837572,68.12324426798223,66.92416016404627,1.5410662921192996e-14,5.936045042006299
ag_news,bert-12-128,43.954732684816285,44.79491128014883,43.990779402006275,1.6710572155899873e-14,5.846968792000553
ag_news,bert-12-256,27.786703938233046,30.9957425375,27.991562393301525,1.6696647694389506e-14,5.898754624999128
ag_news,bert-12-512,16.94692921113167,21.40571902835861,17.219095179830326,1.6141589072459107e-14,5.8755562909937
