dataset,model_name,cka_score
amazon_polarity,bert-2-128,0.402446567
amazon_polarity,bert-4-128,0.445364641
amazon_polarity,bert-6-128,0.455942114
amazon_polarity,bert-8-128,0.480296425
amazon_polarity,bert-10-128,0.469677702
amazon_polarity,bert-12-128,0.454999465
amazon_polarity,bert-2-256,0.456475295
amazon_polarity,bert-4-256,0.499672167
amazon_polarity,bert-6-256,0.500163714
amazon_polarity,bert-8-256,0.515391756
amazon_polarity,bert-10-256,0.544742065
amazon_polarity,bert-12-256,0.515523950
amazon_polarity,bert-2-512,0.487849846
amazon_polarity,bert-4-512,0.553160537
amazon_polarity,bert-6-512,0.560156937
amazon_polarity,bert-2-768,0.459447446
amazon_polarity,bert-8-512,0.585701098
amazon_polarity,bert-10-512,0.586634100
amazon_polarity,bert-4-768,0.575305264
amazon_polarity,bert-12-512,0.586290190
amazon_polarity,bert-6-768,0.609836962
amazon_polarity,bert-8-768,0.609672195
amazon_polarity,bert-10-768,0.632592442
ag_news,bert-2-128,0.449903800
ag_news,bert-4-128,0.403625781
ag_news,bert-6-128,0.436006031
ag_news,bert-8-128,0.454212142
ag_news,bert-10-128,0.443670147
ag_news,bert-12-128,0.446137759
ag_news,bert-2-256,0.480989987
ag_news,bert-4-256,0.497379078
ag_news,bert-6-256,0.526275692
ag_news,bert-8-256,0.516590988
ag_news,bert-10-256,0.535564492
ag_news,bert-12-256,0.552420915
ag_news,bert-2-512,0.512723650
ag_news,bert-4-512,0.570403519
ag_news,bert-6-512,0.593712027
ag_news,bert-2-768,0.526963098
ag_news,bert-8-512,0.592343824
ag_news,bert-10-512,0.598486382
ag_news,bert-4-768,0.612093540
ag_news,bert-12-512,0.607411134
ag_news,bert-6-768,0.650820952
ag_news,bert-8-768,0.655373581
ag_news,bert-10-768,0.657355941
