trial,representation,ari,nmi
0,Mean only,1.0,1.0
0,Spectrum only,1.0,1.0
0,Combined,1.0,1.0
1,Mean only,1.0,1.0
1,Spectrum only,1.0,1.0
1,Combined,1.0,1.0
2,Mean only,1.0,1.0
2,Spectrum only,1.0,1.0
2,Combined,1.0,1.0
3,Mean only,1.0,1.0
3,Spectrum only,1.0,1.0
3,Combined,1.0,1.0
4,Mean only,1.0,1.0
4,Spectrum only,1.0,1.0
4,Combined,1.0,1.0
5,Mean only,1.0,1.0
5,Spectrum only,1.0,1.0
5,Combined,1.0,1.0
6,Mean only,1.0,1.0
6,Spectrum only,1.0,1.0
6,Combined,1.0,1.0
7,Mean only,1.0,1.0
7,Spectrum only,1.0,1.0
7,Combined,1.0,1.0
8,Mean only,1.0,1.0
8,Spectrum only,1.0,1.0
8,Combined,1.0,1.0
9,Mean only,1.0,1.0
9,Spectrum only,1.0,1.0
9,Combined,1.0,1.0
