family,value,trial,restart,relative_objective_gap,normalized_kkt_residual,objective,runtime,gradient_norm,rank_ratio,feasibility
dimension,2,0,0,2.4039430338792977e-16,1.0530114872977503e-08,118.22954633221588,0.023138583999752882,1.2449707042582495e-06,2.3457121690771672e-08,1.0301799611145056e-15
dimension,2,0,1,2.4039430338792977e-16,7.588251266123905e-09,118.22954633221588,0.022616000000198255,8.971555046486924e-07,1.7237388586822535e-08,7.673843518815914e-16
dimension,2,0,2,2.4039430338792977e-16,6.701646061199004e-09,118.22954633221588,0.024466332999509177,7.923325734946398e-07,1.51126176018317e-08,8.988514803189536e-16
dimension,2,0,3,2.4039430338792977e-16,6.827661549835619e-09,118.22954633221588,0.02376462500069465,8.072313275469794e-07,1.4872111237183406e-08,7.670983725429619e-16
dimension,2,0,4,2.4039430338792977e-16,4.279869303226298e-09,118.22954633221588,0.02210904200001096,5.060070060816222e-07,9.73343559665884e-09,1.2039716260523036e-15
dimension,2,1,0,5.774036012375922e-16,7.887022874257577e-09,123.0582445688147,0.02855266699953063,9.705631897802254e-07,2.0637048061576572e-08,5.24427025225321e-16
dimension,2,1,1,1.1548072024751844e-16,5.169481265957545e-09,123.05824456881476,0.029485916998964967,6.361472899201098e-07,1.4006068601416451e-08,9.383266674781093e-16
dimension,2,1,2,5.774036012375922e-16,6.397925818802044e-09,123.0582445688147,0.028573042000061832,7.873175201432765e-07,1.7238714308087662e-08,5.896200191483193e-16
dimension,2,1,3,1.039326482227666e-15,1.147045725649342e-08,123.05824456881464,0.028358749999824795,1.4115343343857034e-06,2.4850958511178284e-08,8.687109494471109e-16
dimension,2,1,4,1.1548072024751844e-16,5.888791107518746e-09,123.05824456881476,0.02748395900016476,7.246642963237035e-07,1.551302058139011e-08,3.539390687081141e-16
dimension,2,2,0,6.041683210499319e-16,5.537728121792943e-09,141.12810175653894,0.02100362500095798,7.815290578724413e-07,1.3381827381585504e-08,8.58197853441685e-16
dimension,2,2,1,6.041683210499319e-16,5.815152742783686e-09,141.12810175653894,0.023018957999738632,8.20681468013392e-07,1.3573369310104683e-08,8.474699585630013e-16
dimension,2,2,2,6.041683210499319e-16,9.135243876186036e-09,141.12810175653894,0.022417207999751554,1.2892396273291813e-06,2.1972725473889893e-08,1.0499847881539672e-15
dimension,2,2,3,6.041683210499319e-16,6.350481247230191e-09,141.12810175653894,0.022971624999627238,8.962313636620941e-07,1.5338585603708128e-08,1.0863864466853309e-15
dimension,2,2,4,6.041683210499319e-16,6.415490213585076e-09,141.12810175653894,0.020513999999820953,9.054059556809137e-07,1.517634160409678e-08,8.87030819284794e-16
dimension,3,0,0,1.7288083358565244e-15,7.726620801793257e-09,263.0409290924447,0.04284062499937136,2.0324175144487115e-06,2.8798540203817823e-08,1.7696932050696424e-15
dimension,3,0,1,1.2966062518923934e-15,7.1305660502860185e-09,263.0409290924448,0.06111137500010955,1.875630718822281e-06,2.3427430169780088e-08,1.3282062267524106e-15
dimension,3,0,2,1.2966062518923934e-15,8.805415674837652e-09,263.0409290924448,0.051831500000844244,2.316184720154476e-06,2.736594073709812e-08,1.2990708551990827e-15
dimension,3,0,3,2.5932125037847867e-15,7.83425217068835e-09,263.04092909244446,0.03331916599927354,2.0607289697223687e-06,3.53560243041178e-08,1.7696932050696424e-15
dimension,3,0,4,1.2966062518923934e-15,7.776451508544765e-09,263.0409290924448,0.04421208299936552,2.0455250298499618e-06,2.7106930864875643e-08,1.5474084147339096e-15
dimension,3,1,0,6.293764266132191e-16,3.3322723505188007e-09,225.79261177087622,0.028546292000100948,7.524024771555172e-07,1.1644552033189896e-08,1.6769991934519133e-15
dimension,3,1,1,7.552517119358629e-16,4.260497899533989e-09,225.7926117708762,0.053595041999869864,9.619889481801122e-07,1.5008769565205026e-08,1.3664807506613695e-15
dimension,3,1,2,6.293764266132191e-16,2.0787673814320343e-09,225.79261177087622,0.028293208000832237,4.693703163176446e-07,7.256878047037247e-09,1.5211561822008663e-15
dimension,3,1,3,5.035011412905752e-16,1.6739117253824186e-09,225.79261177087625,0.027592375001404434,3.7795690034799026e-07,5.749968009352998e-09,1.3174107699817851e-15
dimension,3,1,4,6.293764266132191e-16,3.2921367018819454e-09,225.79261177087622,0.026826041999811423,7.433401442246834e-07,1.1542350035711658e-08,1.425402179152333e-15
dimension,3,2,0,1.9028866069881703e-15,7.2845271984472705e-09,224.0415376777675,0.040292708999913884,1.6320366747956494e-06,2.1480001973194043e-08,2.525044839166488e-15
dimension,3,2,1,6.342955356627234e-16,4.791370952545881e-09,224.0415376777678,0.04338958299922524,1.0734661157929708e-06,1.381814660946801e-08,2.400770472128601e-15
dimension,3,2,2,2.410323035518349e-15,1.639675481357759e-08,224.0415376777674,0.04102929099826724,3.673554161359266e-06,3.8102934747733256e-08,2.305848841710741e-15
dimension,3,2,3,1.5223092855905362e-15,9.76269428540769e-09,224.0415376777676,0.042009124999822234,2.1872490395806967e-06,2.3185298374167e-08,2.432781764451977e-15
dimension,3,2,4,1.9028866069881703e-15,1.2173086188404663e-08,224.0415376777675,0.04328212500149675,2.72727694793418e-06,2.7824254995832135e-08,2.2281673561290806e-15
dimension,5,0,0,0.0,3.7096916745387198e-09,745.1244614738907,0.0362068750000617,2.7641820112248396e-06,1.91846058114277e-08,2.5795654025066e-15
dimension,5,0,1,0.0,3.990481829209634e-09,745.1244614738907,0.03684504099874175,2.9734056240111747e-06,2.0563459944317736e-08,2.6423611482717095e-15
dimension,5,0,2,0.0,6.903298892307556e-09,745.1244614738907,0.03933383399999002,5.1438168695239745e-06,3.112712991827891e-08,2.647205312427813e-15
dimension,5,0,3,4.577228782560897e-16,8.973765051161555e-09,745.1244614738904,0.034912625000288244,6.686571851139976e-06,4.175145068164857e-08,2.6875605351148453e-15
dimension,5,0,4,4.577228782560897e-16,7.167233968038486e-09,745.1244614738904,0.03384050000022398,5.340481350692054e-06,3.446425907567764e-08,2.68423809494137e-15
dimension,5,1,0,5.941303491479582e-16,4.3733698247504e-09,765.3999691121933,0.04355566699996416,3.347377128780156e-06,2.5554155211750542e-08,1.9596927183586917e-15
dimension,5,1,1,5.941303491479582e-16,6.47481053176319e-09,765.3999691121933,0.043531416999030625,4.955819781018852e-06,2.8886499552168792e-08,2.214742572958898e-15
dimension,5,1,2,1.336793285582906e-15,6.1045579015122065e-09,765.3999691121927,0.040084375001242734,4.672428429261041e-06,3.202588941818408e-08,2.1381037388581935e-15
dimension,5,1,3,5.941303491479582e-16,4.0800267070285e-09,765.3999691121933,0.0396671670005162,3.1228523155365396e-06,2.2405266272933365e-08,2.1792757057776833e-15
dimension,5,1,4,2.970651745739791e-16,3.631829656805653e-09,765.3999691121935,0.043031084000176634,2.779802307139796e-06,2.072573177831954e-08,2.0353494352656354e-15
dimension,5,2,0,1.5460581598791754e-15,3.80045358849721e-09,661.8001612400561,0.04454262499893957,2.5151407976528074e-06,2.2215952384657815e-08,2.275551165657143e-15
dimension,5,2,1,1.2024896799060252e-15,3.759738234345585e-09,661.8001612400564,0.043796624999231426,2.488195369710316e-06,2.0526747452702613e-08,2.0698656462009747e-15
dimension,5,2,2,1.2024896799060252e-15,3.5298505411081363e-09,661.8001612400564,0.042624541998520726,2.3360556572586677e-06,1.9241973442258003e-08,2.0706278330553027e-15
dimension,5,2,3,1.2024896799060252e-15,3.35290197560065e-09,661.8001612400564,0.042965417000232264,2.218951068074616e-06,1.9096417313606307e-08,1.9998212062029403e-15
dimension,5,2,4,1.2024896799060252e-15,3.548654515663453e-09,661.8001612400564,0.044615250000788365,2.34850013065133e-06,2.0861333333160383e-08,2.1718497043908416e-15
dimension,8,0,0,1.4600282686978333e-15,4.1749184595585425e-09,2024.5209247888579,0.06670025000130408,8.452209780663547e-06,3.6858586904134475e-08,1.9642338152443983e-15
dimension,8,0,1,3.930845338801859e-15,4.820072453144333e-09,2024.5209247888529,0.06502979099968798,9.758337540389077e-06,5.047519141501912e-08,1.9493309790791697e-15
dimension,8,0,2,3.481605871510218e-15,1.1082535179255877e-08,2024.5209247888538,0.06724899999971967,2.2436824370112192e-05,7.441609848348739e-08,1.848200910873538e-15
dimension,8,0,3,1.4600282686978333e-15,3.123974741516212e-09,2024.5209247888579,0.06404470800043782,6.324552232711444e-06,3.1962614589986766e-08,2.007689337645647e-15
dimension,8,0,4,1.4600282686978333e-15,5.834639614165222e-09,2024.5209247888579,0.06277874999977939,1.1812349987479498e-05,4.208509367149665e-08,1.7661621359649655e-15
dimension,8,1,0,1.0764756490772486e-15,3.5837425363989184e-09,2112.2045411629683,0.06297929200081853,7.569597259740698e-06,3.283594372387224e-08,3.4046196076830798e-15
dimension,8,1,1,1.9376561683390474e-15,4.635149576330313e-09,2112.2045411629665,0.06239800000003015,9.790383984094507e-06,3.9218988947608255e-08,3.4042758341994803e-15
dimension,8,1,2,1.9376561683390474e-15,3.827026655988153e-09,2112.2045411629665,0.06140274999961548,8.083463081929914e-06,3.718713640344994e-08,3.0550544320126494e-15
dimension,8,1,3,1.9376561683390474e-15,5.188044662536838e-09,2112.2045411629665,0.06968083299943828,1.095821149596662e-05,4.298678643355687e-08,3.4706563230422915e-15
dimension,8,1,4,1.507065908708148e-15,3.196188329196097e-09,2112.2045411629674,0.06840999999985797,6.751003503340084e-06,3.1703106787331594e-08,3.0715050707255037e-15
dimension,8,2,0,4.69737977238422e-16,3.293273204750235e-09,1936.1745182278528,0.06521237499873678,6.3763516605999865e-06,3.434419234463962e-08,2.8083611266337636e-15
dimension,8,2,1,9.39475954476844e-16,5.350654138677258e-09,1936.1745182278519,0.062367374999666936,1.0359800199157313e-05,4.944728316607388e-08,2.8846789397921126e-15
dimension,8,2,2,2.818427863430532e-15,5.412718223325161e-09,1936.1745182278482,0.05852870799935772,1.0479967098349718e-05,5.909871443795483e-08,3.0470795142741327e-15
dimension,8,2,3,2.34868988619211e-15,4.223772602577342e-09,1936.1745182278491,0.06840441700114752,8.177960883899193e-06,5.265967720167802e-08,2.9941488350823415e-15
dimension,8,2,4,2.34868988619211e-15,5.87599250231505e-09,1936.1745182278491,0.068328332999954,1.1376946952280323e-05,6.114997566346511e-08,3.1556909078981086e-15
dimension,12,0,0,2.808127598024912e-15,2.890719059340949e-09,4534.311700713537,0.09270829200067965,1.310742125424533e-05,4.3757863348338825e-08,2.7197601754212736e-15
dimension,12,0,1,6.418577366914085e-15,4.533404359066233e-09,4534.311700713521,0.09341187499921944,2.055586842937983e-05,6.883226301934677e-08,2.7441899005897778e-15
dimension,12,0,2,8.023221708642606e-16,1.6984738439114143e-09,4534.311700713546,0.10891108299983898,7.701409823803445e-06,2.3978738380287117e-08,2.7103956129012896e-15
dimension,12,0,3,2.406966512592782e-15,2.6618164458806942e-09,4534.311700713539,0.10461654199934856,1.2069505455708586e-05,4.008818011420808e-08,2.566516678552933e-15
dimension,12,0,4,2.808127598024912e-15,3.67476770184608e-09,4534.311700713537,0.08311229100036144,1.666254218788492e-05,4.878918641768983e-08,2.861316921615886e-15
dimension,12,1,0,4.697918633531789e-15,5.021894582299325e-09,4452.6906003587565,0.10209962499902758,2.2360942802596873e-05,6.568062106604798e-08,3.7111054223866234e-15
dimension,12,1,1,3.880889305961043e-15,3.681128280192684e-09,4452.69060035876,0.10422791699966183,1.6390925291928836e-05,5.524921438264353e-08,3.7309681571370316e-15
dimension,12,1,2,2.451087982712238e-15,3.962869509359164e-09,4452.6906003587665,0.1414319580017036,1.764543181477195e-05,5.006473655526969e-08,3.527291521550749e-15
dimension,12,1,3,3.0638599783902974e-15,3.354471767086391e-09,4452.690600358764,0.09234912500141945,1.493642490647447e-05,4.464861503383308e-08,3.699773139472595e-15
dimension,12,1,4,3.47237464217567e-15,3.576465716799595e-09,4452.690600358762,0.1006932920008694,1.5924895279698973e-05,5.3708996868382644e-08,3.616304680404748e-15
dimension,12,2,0,7.939586579397868e-16,7.509482893333586e-09,4582.07586844857,0.09815370800060919,3.44090203500712e-05,7.933140688221763e-08,3.0246492752519674e-15
dimension,12,2,1,7.939586579397868e-16,2.5713474795499527e-09,4582.07586844857,0.08591941700069583,1.1782109235441901e-05,4.429366192131344e-08,2.962387493778233e-15
dimension,12,2,2,1.1909379869096803e-15,2.852153821164286e-09,4582.075868448568,0.092149750000317,1.3068785197060264e-05,4.871507462034741e-08,3.004037757118128e-15
dimension,12,2,3,1.7864069803645203e-15,4.587279157294913e-09,4582.075868448565,0.08873220800160198,2.101926112847813e-05,6.10813106055802e-08,2.9328413328737137e-15
dimension,12,2,4,7.939586579397868e-16,5.006138950061978e-09,4582.07586844857,0.09696824999991804,2.293850847717947e-05,6.126378085482342e-08,3.024722767237319e-15
dimension,16,0,0,4.258394494310172e-15,3.3911528756414917e-09,7902.3453582239,0.1181877090002672,2.6798061185853286e-05,6.879435017739441e-08,3.1945041661903735e-15
dimension,16,0,1,2.1867431186998183e-15,3.086206737918458e-09,7902.345358223916,0.14068858300015563,2.4388271489909354e-05,5.570290408255156e-08,3.200036749937326e-15
dimension,16,0,2,1.7263761463419618e-15,2.396986598745471e-09,7902.34535822392,0.1013911249992816,1.8941815922321247e-05,4.4447028478153986e-08,3.341668508570817e-15
dimension,16,0,3,1.7263761463419618e-15,2.214997392504592e-09,7902.34535822392,0.11738154200065765,1.750367436313678e-05,4.777574167898724e-08,3.336057578433108e-15
dimension,16,0,4,5.179128439025885e-15,6.805811480539098e-09,7902.345358223893,0.11341462500058697,5.3781872762185295e-05,9.583213709308796e-08,3.3073417500374313e-15
dimension,16,1,0,5.391572377137792e-15,5.2729373212754826e-09,8097.034154677473,0.17962441700001364,4.269515358584136e-05,1.0012999186228444e-07,3.00164344522301e-15
dimension,16,1,1,2.920435037616304e-15,2.6367906990795512e-09,8097.0341546774935,0.15126116700048442,2.1350184349183133e-05,6.997654935145015e-08,3.062237232448357e-15
dimension,16,1,2,3.819030433805936e-15,3.3771005269895493e-09,8097.034154677486,0.12023887499890407,2.7344498310813824e-05,6.809241856414554e-08,3.0313378756474746e-15
dimension,16,1,3,5.840870075232608e-15,3.6986542846538615e-09,8097.03415467747,0.12124508300075831,2.9948130069186655e-05,8.994596941385595e-08,3.0393784647056598e-15
dimension,16,1,4,2.021839641426672e-15,3.2380825775099183e-09,8097.034154677501,0.12974895899969852,2.6218865225764016e-05,6.223339832846933e-08,2.9998040064006872e-15
dimension,16,2,0,4.1544049631513775e-15,2.64247805109844e-09,8756.91907591999,0.12920858299912652,2.3139966453363905e-05,5.459903999452582e-08,3.1883040751431307e-15
dimension,16,2,1,2.4926429778908262e-15,4.003404479488002e-09,8756.919075920005,0.13976862500021525,3.505748905505217e-05,5.5697343277340463e-08,3.2847888631290528e-15
dimension,16,2,2,5.193006203939221e-15,6.878869283096302e-09,8756.919075919981,0.11306629099999554,6.0237701645906326e-05,9.023912521167729e-08,3.1369126437512563e-15
dimension,16,2,3,5.608446700254359e-15,3.051396338443483e-09,8756.919075919977,0.11608599999999569,2.6720830804308255e-05,6.48346259176072e-08,3.227463263983455e-15
dimension,16,2,4,4.1544049631513775e-15,6.475785100165783e-09,8756.91907591999,0.1266871669995453,5.670792607520043e-05,8.226696003230109e-08,3.2577705488930356e-15
condition,1,0,0,5.052748343182937e-16,4.103780349558846e-09,225.00000000000003,0.011610165998718003,9.233505786507399e-07,1.4476004774720518e-08,1.992176548466671e-15
condition,1,0,1,8.842309600570139e-16,2.1102707663613436e-09,225.0000000000001,0.011873499999637716,4.7481092243130215e-07,6.995754644281393e-09,2.1694486377163984e-15
condition,1,0,2,5.052748343182937e-16,3.795831441596375e-09,225.00000000000003,0.01116179199925682,8.540620743591841e-07,1.4842788485372374e-08,2.0305031939438797e-15
condition,1,0,3,8.842309600570139e-16,2.007974095075459e-09,225.0000000000001,0.011650916001599398,4.517941713919781e-07,9.082963593107148e-09,2.1081204054284804e-15
condition,1,0,4,8.842309600570139e-16,3.900905522868864e-09,225.0000000000001,0.011957916998653673,8.777037426454941e-07,1.6321490295740907e-08,2.0640472546587145e-15
condition,1,1,0,2.5263741715914663e-16,2.376818676123755e-09,225.00000000000003,0.012096249998649,5.347842021278451e-07,8.038041104538444e-09,1.817738077613124e-15
condition,1,1,1,2.5263741715914663e-16,9.944469548637617e-11,225.00000000000003,0.011468417000287445,2.2375056484434648e-08,4.753887468498503e-10,1.4330109930418597e-15
condition,1,1,2,2.5263741715914663e-16,8.7341633787106e-10,225.00000000000003,0.012013458999717841,1.9651867602098858e-07,2.645540912755353e-09,1.6091621263614074e-15
condition,1,1,3,2.5263741715914663e-16,4.636150348585543e-10,225.00000000000003,0.012394625000524684,1.0431338284317475e-07,1.7555547132980343e-09,1.51819869487199e-15
condition,1,1,4,2.5263741715914663e-16,5.257593252964362e-10,225.00000000000003,0.01116491700122424,1.182958481916982e-07,1.4139181947385319e-09,1.7350818055515367e-15
condition,1,2,0,5.052748343182934e-16,9.065096404608955e-10,224.99999999999994,0.012614750001375796,2.0396466910370153e-07,2.6156130480427376e-09,1.7167794188826493e-15
condition,1,2,1,5.052748343182934e-16,1.1586563939839548e-10,224.99999999999994,0.011969499999395339,2.606976886463899e-08,3.528172007981299e-10,1.7057234947659876e-15
condition,1,2,2,5.052748343182934e-16,1.1058202488091145e-10,224.99999999999994,0.011476834000859526,2.4880955598205083e-08,4.235529648020998e-10,1.5134462437065401e-15
condition,1,2,3,5.052748343182934e-16,6.610413833778753e-11,224.99999999999994,0.01147612500062678,1.4873431126002198e-08,1.9450063657453474e-10,1.591098287772697e-15
condition,1,2,4,7.5791225147744005e-16,4.9840128274694366e-09,224.9999999999999,0.014198083001247142,1.1214028861806235e-06,1.769224143014157e-08,1.6183315015321161e-15
condition,10,0,0,2.924769661415506e-16,2.1552406293604643e-09,194.35177959722608,0.016826582999783568,4.1887485177645193e-07,1.1783540833278137e-08,2.2765257423974697e-15
condition,10,0,1,0.0,2.252312955064712e-09,194.35177959722614,0.019848125000862638,4.37741031026714e-07,1.1095219080300693e-08,2.328844000960248e-15
condition,10,0,2,0.0,2.699327024793929e-09,194.35177959722614,0.02022291600042081,5.246190109835858e-07,1.336636173108956e-08,2.0035891696278612e-15
condition,10,0,3,0.0,1.206887886298178e-09,194.35177959722614,0.020640791999539942,2.3456080847638562e-07,7.402253307632166e-09,2.5179486588265233e-15
condition,10,0,4,2.924769661415506e-16,5.70400987508095e-09,194.35177959722608,0.01832879199901072,1.1085844700621342e-06,2.6862138044538654e-08,2.393294465455923e-15
condition,10,1,0,1.456137256542077e-15,5.604520700813452e-09,195.18564821215864,0.016873083000973566,1.0939220059067368e-06,2.6579664596197463e-08,2.0367585846777723e-15
condition,10,1,1,1.456137256542077e-15,5.110068076310003e-09,195.18564821215864,0.015580833000058192,9.97411949882828e-07,2.665855674731848e-08,1.7759769167069663e-15
condition,10,1,2,1.456137256542077e-15,5.644036316032667e-09,195.18564821215864,0.01768475000062608,1.1016348868778015e-06,2.8079429045075643e-08,1.8553872998302368e-15
condition,10,1,3,1.456137256542077e-15,4.0800834863350335e-09,195.18564821215864,0.016723750000892323,7.963737400400288e-07,2.308284859781457e-08,2.196947799100814e-15
condition,10,1,4,1.019296079579454e-15,2.217145745225683e-09,195.18564821215872,0.021987000000081025,4.327550294627051e-07,1.3127287411978941e-08,1.9288737294941637e-15
condition,10,2,0,1.4691052900731618e-16,4.132697193710101e-09,193.4627124580608,0.015226167000946589,7.99522808862972e-07,2.203646888798237e-08,1.9834542949356194e-15
condition,10,2,1,1.4691052900731618e-16,4.523130620350552e-09,193.4627124580608,0.015287792000890477,8.750571186151287e-07,2.5717307343216006e-08,1.8962218596437026e-15
condition,10,2,2,1.4691052900731618e-16,2.7320874488249447e-09,193.4627124580608,0.015034207999633509,5.285570485222971e-07,1.780589715090213e-08,1.838684510378502e-15
condition,10,2,3,5.876421160292647e-16,9.110805965890387e-10,193.46271245806088,0.016502166999998735,1.7626012348402365e-07,5.4880481158948e-09,2.2378827973997435e-15
condition,10,2,4,1.4691052900731618e-16,3.745827045088384e-09,193.4627124580608,0.017008124999847496,7.246778605415614e-07,1.905558901118777e-08,2.1056892845963137e-15
condition,100,0,0,2.5322834456690266e-15,6.385794875997886e-09,145.90871461375224,0.05575008300002082,9.317431221439393e-07,3.6006335049799425e-08,1.7904151088938483e-15
condition,100,0,1,2.142701377104561e-15,4.3462367246971306e-09,145.9087146137523,0.04618958400169504,6.341538139076445e-07,2.5333628763847335e-08,1.3598723662234662e-15
condition,100,0,2,2.142701377104561e-15,7.3436512372423495e-09,145.9087146137523,0.04881937500067579,1.0715027125977252e-06,3.296421659753475e-08,1.6113078679780226e-15
condition,100,0,3,2.921865514233492e-15,8.38719124658402e-09,145.90871461375218,0.047477416999754496,1.2237642940087919e-06,3.9818291644943575e-08,1.4931247171457794e-15
condition,100,0,4,1.7531193085400953e-15,5.248333926631136e-09,145.90871461375235,0.05013529200004996,7.657776570984981e-07,2.393118754239003e-08,1.453723077952105e-15
condition,100,1,0,2.874712477696121e-15,8.574474023037958e-09,148.30201098849676,0.05240020900055242,1.271611740785159e-06,3.7333097342010816e-08,2.1593314833296017e-15
condition,100,1,1,3.2580074747222704e-15,1.1236702315087537e-08,148.3020109884967,0.047283583000535145,1.6664255502065837e-06,4.5971946892915596e-08,2.143329496872779e-15
condition,100,1,2,3.64130247174842e-15,7.592009564253899e-09,148.30201098849665,0.04475474999890139,1.1259102858227574e-06,3.9024836594689174e-08,2.0706374183217806e-15
condition,100,1,3,1.9164749851307474e-15,1.1102158140612505e-08,148.3020109884969,0.0484253329996136,1.6464723785651493e-06,3.707249694405359e-08,2.2970076869888302e-15
condition,100,1,4,2.2997699821568967e-15,8.066388424194375e-09,148.30201098849685,0.05002191700077674,1.1962616247223607e-06,3.341106450900907e-08,1.8474944125796923e-15
condition,100,2,0,3.9605863982914576e-16,4.814656202101702e-09,143.5227341217186,0.07211670899960154,6.910126219817263e-07,2.242660045612887e-08,3.1844090956043205e-15
condition,100,2,1,1.7822638792311556e-15,5.160289654528705e-09,143.5227341217184,0.04973945800156798,7.406188800779787e-07,3.177744739164284e-08,3.3594016275365915e-15
condition,100,2,2,2.1783225190603016e-15,6.3979215286497564e-09,143.52273412171834,0.04685000000063155,9.182471904880188e-07,3.635060254949362e-08,3.1047122619524803e-15
condition,100,2,3,7.921172796582915e-16,4.099578818123951e-09,143.52273412171854,0.05068554199897335,5.883827607246334e-07,2.4308231631283007e-08,3.308284738339434e-15
condition,100,2,4,7.921172796582915e-16,5.6190444298018705e-09,143.52273412171854,0.04909649999899557,8.064606197165781e-07,2.5154162950037554e-08,3.516390928725897e-15
condition,1000,0,0,7.381124699841548e-15,7.544858654157416e-09,113.59250280853689,0.20706120900103997,8.570393778623965e-07,4.894833311340847e-08,2.853835428132153e-15
condition,1000,0,1,7.88153993372911e-15,1.2665547622063252e-08,113.59250280853684,0.19904666699949303,1.4387112538308882e-06,5.274572917811056e-08,2.7216264689711544e-15
condition,1000,0,2,2.13927512486933e-14,1.5220795964730278e-08,113.5925028085353,0.20478224999897066,1.7289683083718037e-06,8.12027851896698e-08,2.557680142573188e-15
condition,1000,0,3,1.5137560825098767e-14,1.0514596492555989e-08,113.59250280853601,0.20020229200054018,1.1943793316113071e-06,6.715261018274251e-08,2.5381067609212072e-15
condition,1000,0,4,8.381955167616672e-15,1.0050655168215189e-08,113.59250280853678,0.20287537500007602,1.1416790754231281e-06,5.482737014073445e-08,3.1518617300543537e-15
condition,1000,1,0,1.2734719690118019e-14,1.061333184839501e-08,117.17099248396279,0.23044804199889768,1.2435746262381104e-06,5.5614693459414885e-08,1.7230676861707998e-15
condition,1000,1,1,2.6560986782246154e-14,1.379656210308406e-08,117.17099248396117,0.213936250000188,1.616556874485009e-06,8.316479065670529e-08,1.669105961738884e-15
condition,1000,1,2,1.2734719690118019e-14,7.607864876099878e-09,117.17099248396279,0.21055237499967916,8.914210782165147e-07,5.4997567912049825e-08,1.9690928979196062e-15
condition,1000,1,3,1.0794190975433368e-14,6.0166378686734e-09,117.17099248396302,0.23195241700159386,7.049754304890659e-07,4.83410772476585e-08,1.7510507348027727e-15
condition,1000,1,4,1.2734719690118019e-14,9.964197125746164e-09,117.17099248396279,0.19842400000015914,1.1675148665295423e-06,5.438695631230331e-08,1.6039069106194953e-15
condition,1000,2,0,1.0767312722246298e-14,9.408639857140265e-09,110.86441221407388,0.19278104200020607,1.0430833274957747e-06,4.99427888504799e-08,1.8299060585538915e-15
condition,1000,2,1,1.820188579236874e-14,8.742653067033861e-09,110.86441221407306,0.2035351249996893,9.692490934682896e-07,6.22459596155526e-08,2.014521326537764e-15
condition,1000,2,2,1.0767312722246298e-14,6.8773878163664315e-09,110.86441221407388,0.2209875419994205,7.624575578297057e-07,4.741205430111199e-08,1.8845451983583563e-15
condition,1000,2,3,8.588213718934546e-15,6.642504497551951e-09,110.86441221407412,0.27523775000008754,7.364173567504472e-07,4.4059125159896555e-08,1.9668589466167168e-15
condition,1000,2,4,1.3074594019870503e-14,7.39036270430787e-09,110.86441221407362,0.21124966599927575,8.193282172619143e-07,5.274811930231658e-08,2.3872021023529147e-15
condition,10000,0,0,3.2667021952822674e-13,2.4807513940616916e-08,94.66066391031245,1.026168874999712,2.3482957395838957e-06,2.181516861304839e-07,2.923491606658765e-15
condition,10000,0,1,1.0628792069208848e-13,2.464527250770905e-08,94.66066391033331,0.9991114590011421,2.332937857831072e-06,1.2801655843457185e-07,2.496826023951924e-15
condition,10000,0,2,9.141275955338893e-09,3.64357227778388e-06,94.66066304502412,0.9976047089985514,0.00034490297082034416,3.630856031792193e-05,2.931259259545781e-15
condition,10000,0,3,4.028252144557446e-11,3.1183209640988246e-07,94.6606639065302,0.9873504580009467,2.9518233274713678e-05,2.4481252896992774e-06,3.028584149098834e-15
condition,10000,0,4,5.297732250428122e-12,9.934224203514206e-08,94.66066390984189,0.994131166000443,9.403802585388568e-06,8.819632613000727e-07,2.6837810236888578e-15
condition,10000,1,0,3.673361254549247e-12,1.0869837131966006e-07,99.26890025835198,1.0043573749990173,1.079036778081628e-05,6.99610288328968e-07,2.2958916812521286e-15
condition,10000,1,1,1.2954109895719463e-12,6.422215735048276e-08,99.26890025858803,0.9916672920007841,6.375262932424677e-06,4.102535281248485e-07,2.480662619638189e-15
condition,10000,1,2,1.8882164827554394e-13,2.2791106182252618e-08,99.26890025869788,1.035817499998302,2.262448046391855e-06,1.4941022010919866e-07,2.4944024011420426e-15
condition,10000,1,3,1.4548858312542479e-12,6.60231544519932e-08,99.2689002585722,1.07140708299994,6.554045934060756e-06,4.35638040558014e-07,2.3950690545133752e-15
condition,10000,1,4,8.718148885504643e-14,7.880450893699516e-09,99.26890025870797,0.9882560000005469,7.822836937603715e-07,9.339779135074847e-08,2.2035946395246343e-15
condition,10000,2,0,3.4644290237323625e-13,2.6645088510542637e-08,93.1138723943142,1.0059927919992333,2.481027371506734e-06,1.8385856888897016e-07,2.1653937970361024e-15
condition,10000,2,1,8.048769068440411e-12,1.3303087533275059e-07,93.113872393597,1.0031162079994829,1.2387019950241949e-05,8.816363773956765e-07,2.361022245742127e-15
condition,10000,2,2,1.5832593256475563e-12,7.197694915650455e-08,93.11387239419903,1.0225805420013785,6.702052459093128e-06,3.9488354346856046e-07,2.195266516382591e-15
condition,10000,2,3,2.0307353563780977e-12,6.370654105561317e-08,93.11387239415737,1.018960542000059,5.931962734537559e-06,4.405100013784156e-07,1.8969360439733977e-15
condition,10000,2,4,1.7480867858075102e-12,6.266001005099365e-08,93.11387239418369,1.024123375000272,5.834516180116689e-06,4.1243953630438274e-07,2.1689314524161694e-15
